119,0.1295
118.18,0.1297
118.57,0.1268
117.62,0.1285
118.24,0.1266
119.47,0.1269
118.22,0.1311
117.5,0.1349
116.78,0.1401
116.55,0.1391
116.88,0.1333
117.23,0.1279
117.43,0.1258
117.43,0.1238
118.16,0.1191
118.91,0.1124
119.27,0.1085
119.11,0.1139
120.23,0.1026
120.07,0.1042
120.21,0.1046
119.31,0.1077
119.74,0.1049
120.77,0.1027
120.68,0.1015
121.13,0.1022
121.21,0.0971
120.23,0.1012
120.39,0.0989
118.6,0.1106
119.45,0.1072
120.24,0.1006
121.43,0.1
120.63,0.1045
121.23,0.1059
121.17,0.1043
121.22,0.1102
122.73,0.108
122.79,0.1071
122.33,0.1076
120.97,0.1134
121.24,0.111
120.39,0.1157
121.14,0.116
120.14,0.1176
119.12,0.1202
119.36,0.1211
118.54,0.1223
118.1,0.1278
116.9,0.1337
117,0.1316
117.14,0.1279
117.31,0.1285
116.53,0.1345
118.18,0.1295
117.96,0.1287
117.43,0.1339
117.63,0.1351
118.19,0.1317
118.6,0.1293
119.24,0.121
118,0.1212
118.09,0.1253
118.7,0.1236
117.3,0.1312
115.77,0.1434
114.15,0.1601
114.5,0.1529
115.41,0.1544
113.8,0.1605
116.01,0.1358
115.57,0.1507
116.33,0.1395
115.2,0.1425
115.65,0.1389
114.2,0.1529
115.75,0.1455
116.4,0.1423
116.6,0.1393
117.5,0.1288
117.46,0.1289
117.09,0.1238
117.82,0.1225
116.6,0.1307
117.24,0.1306
115.95,0.1394
115.72,0.147
116.8,0.1368
117.58,0.1297
118.79,0.1176
119.29,0.1158
119.12,0.1131
119.78,0.112
119.5,0.1101
119.41,0.1108
120.05,0.1064
120.25,0.1076
119.48,0.1139
120.5,0.1029
120.76,0.1079
120.15,0.1116
120.04,0.1116
120.13,0.1113
119.91,0.1137
120.48,0.1133
120.2,0.1108
120.58,0.1087
120.86,0.1096
121.09,0.1076
121.4,0.1023
121.36,0.1075
121.4,0.1178
121.47,0.1067
121.57,0.1072
119.86,0.1147
118.98,0.1167
119.15,0.1221
120.15,0.1145
119.83,0.1145
119.18,0.1189
119.53,0.1142
120.49,0.1162
119.48,0.1194
119.95,0.1255
121.32,0.1142
121.94,0.1125
122.26,0.1167
122.43,0.114
122.91,0.115
122.84,0.1109
122.35,0.1141
123.02,0.1093
123.44,0.1085
122.72,0.1125
123.54,0.1128
123.19,0.1163
123.34,0.1141
123.79,0.1071
124.57,0.1078
123.74,0.1134
123.65,0.1201
124.39,0.1146
124.72,0.1157
123.72,0.1216
122.88,0.125
122.65,0.1206
123.39,0.1196
123.33,0.1234
123.82,0.1173
123.06,0.1187
123.82,0.1188
122.21,0.1247
122.2,0.1206
122.19,0.1237
122.47,0.1242
122.47,0.1188
122.24,0.1038
121.15,0.1208
121.59,0.1204
120.76,0.12
121.69,0.1191
121.05,0.1197
122.58,0.1159
122.49,0.1186
122.27,0.1159
123.7,0.1155
123.91,0.1032
123.5,0.1159
124.6,0.1124
124.35,0.1127
123.66,0.1216
123.21,0.1212
123.15,0.1165
123.5,0.117
123.09,0.1251
122.05,0.1287
120.91,0.1372
121.34,0.1318
121.44,0.1275
121.58,0.1312
121.55,0.1286
121.67,0.1275
122.66,0.1208
123.04,0.1237
122.6,0.1233
121.22,0.1312
119.63,0.1416
119.2,0.148
119.61,0.1432
118.6,0.1507
118.43,0.1517
117.5,0.15
117.43,0.1575
118.67,0.1442
119.11,0.1478
117.82,0.1511
119.78,0.1415
117.67,0.1534
118.13,0.1555
119.96,0.141
119.72,0.142
119.37,0.1441
118.1,0.1544
119.8,0.139
120.13,0.1382
120.49,0.141
121.75,0.1329
122.27,0.1285
122.11,0.1278
122.23,0.1179
122.23,0.1262
122.39,0.1241
123.34,0.1179
123.76,0.1145
123.69,0.1133
123.24,0.1166
123.49,0.1144
124.64,0.111
125.13,0.1037
125.76,0.1007
126.3,0.0856
127.03,0.1042
127.13,0.1031
126.23,0.1111
126.09,0.11
125.41,0.1107
126.69,0.105
126.85,0.0934
126.58,0.1085
126.82,0.1105
126.08,0.1048
126,0.1148
126.33,0.1127
126.45,0.1132
127.31,0.1107
127.81,0.11
127.44,0.1086
126.36,0.1092
125.71,0.1166
125.83,0.1176
126.03,0.1146
126.69,0.1126
126.76,0.1123
125.47,0.1202
125.75,0.1198
125.19,0.1225
124.51,0.1229
126.7,0.1114
127.3,0.1156
127.38,0.1179
128.44,0.1135
128.77,0.1131
128.9,0.1142
129.31,0.1128
128.8,0.1188
128.68,0.1171
128.33,0.1222
127.82,0.1253
128.31,0.1212
125.97,0.1325
126.42,0.1329
126.55,0.1264
126.66,0.1268
127.36,0.1218
128.54,0.1189
128.44,0.1187
127.5,0.123
128.39,0.1215
126.9,0.1242
126.27,0.1267
126.6,0.1188
125.48,0.1283
126.62,0.1243
126.41,0.124
126.64,0.1205
126.41,0.126
127.75,0.1192
128.2,0.1159
129.16,0.109
128.81,0.1087
128.49,0.0988
129.27,0.1055
129.08,0.1085
129.41,0.1078
129.46,0.1043
128.23,0.1105
129.37,0.1062
129.36,0.1117
128.76,0.1019
128.17,0.1178
127.97,0.1196
128.24,0.1108
127.38,0.1158
128.59,0.1146
128.83,0.1117
130.18,0.1083
130.76,0.1076
131.03,0.1076
130.62,0.1129
130.41,0.1144
129.59,0.1139
130.38,0.1121
130.11,0.112
130.21,0.1113
130.02,0.1111
129.22,0.1137
130.03,0.1067
129.8,0.1106
129.83,0.113
129.73,0.1136
130.56,0.1108
131.01,0.1088
130.87,0.112
129.54,0.118
129.74,0.1196
128.64,0.1265
128.88,0.125
128.71,0.1211
128.66,0.128
130.7,0.1129
130.95,0.1152
131.13,0.1124
131.15,0.1136
130.91,0.1133
130.37,0.1162
130.4,0.1123
131.03,0.1125
131.47,0.1161
130.4,0.1186
131.38,0.115
130.89,0.1165
131.36,0.1168
132.52,0.1112
132.36,0.1067
132.62,0.1109
132.55,0.1147
130.95,0.1206
129.24,0.1275
129.5,0.1222
129.31,0.1208
126.85,0.1391
126.21,0.1464
127.1,0.1424
126.13,0.1424
125.17,0.1331
126.17,0.1518
127.73,0.1348
128.38,0.1282
126.1,0.1583
127.51,0.1435
128.73,0.1277
129,0.1192
127.12,0.1491
126.81,0.1558
125.86,0.1532
125.75,0.1618
125.35,0.1741
123.99,0.1778
122.55,0.1913
123.5,0.1802
126.12,0.1305
124.65,0.1488
123.67,0.1601
124.09,0.1574
125.01,0.1406
124.46,0.149
124.44,0.15
124.99,0.1469
123.91,0.1551
124.75,0.1531
127.27,0.1269
127.23,0.132
127.8,0.1268
127.07,0.1372
127.44,0.137
126.61,0.1404
126.85,0.142
127.41,0.1363
126.05,0.145
124,0.1662
123.52,0.1682
123.34,0.1719
123.97,0.1663
125.69,0.15
124.83,0.1561
123.95,0.1627
126.21,0.145
126.66,0.141
126.83,0.1388
126.71,0.1448
127.98,0.1399
127.85,0.1435
127.22,0.1456
128.08,0.1412
128.42,0.1433
128.2,0.1408
127.95,0.1429
127.41,0.1471
126.98,0.1498
127.37,0.1436
127.01,0.143
127.11,0.1419
128.63,0.1329
129.79,0.1268
130.03,0.1221
130.69,0.1206
130.13,0.1181
130.12,0.1051
129.76,0.1202
129.65,0.1177
129.81,0.1167
130.43,0.1161
130.58,0.1149
130.66,0.1136
130.64,0.1169
131.42,0.1065
131.67,0.1188
130.51,0.1226
129.91,0.1296
130.28,0.1249
130.41,0.1247
131.69,0.1172
132.22,0.1149
132.23,0.1191
131.96,0.1202
132.14,0.1239
131.81,0.1256
132.51,0.1198
131.87,0.1287
131.47,0.1312
132.48,0.1242
133.58,0.121
133.74,0.1239
133.69,0.1226
133.58,0.1265
133.08,0.1303
133.36,0.1282
134.92,0.1246
135.18,0.1259
135.01,0.1244
135.09,0.1264
135.27,0.1251
135.11,0.1271
136.28,0.1218
136.63,0.1206
136.84,0.123
136.41,0.128
136.59,0.1274
136.81,0.1235
136.84,0.1202
137.47,0.1227
137.88,0.1206
138.35,0.1198
138.78,0.1189
137.91,0.1204
137.81,0.1218
137.79,0.1218
136.86,0.126
136.78,0.1272
136.54,0.1269
138.08,0.1235
138.61,0.124
138.91,0.1206
138.18,0.1239
138.24,0.1208
138.58,0.1226
139.62,0.1201
140.02,0.1179
140.38,0.1174
140.42,0.1162
140.5,0.1179
140.64,0.1196
140.92,0.1192
140.35,0.1253
138.42,0.1357
139.02,0.1327
140.47,0.1259
140.53,0.1239
140.22,0.132
141.29,0.126
141.9,0.1262
141.78,0.1289
141.16,0.1343
141.42,0.1349
141.83,0.1328
141.72,0.1306
141.87,0.1282
143.12,0.1115
142.34,0.1131
141.95,0.115
142.22,0.1157
142.14,0.1156
141.62,0.1178
140.75,0.1207
141.58,0.1185
142.51,0.1135
142.21,0.1155
141.62,0.1206
141.37,0.1215
141.67,0.1195
140.54,0.123
141.19,0.1223
141.07,0.1224
141.54,0.1209
142.16,0.113
143.24,0.1115
142.96,0.1123
143.02,0.1118
142.54,0.1137
142.82,0.108
142.38,0.1111
142.8,0.1061
143.95,0.1019
142.26,0.1106
142.16,0.1123
142.05,0.1149
142.79,0.1101
143.75,0.1064
144.61,0.1055
144.81,0.1042
144.85,0.0999
144.89,0.1058
145.21,0.1056
145.02,0.1048
143.94,0.1098
143.45,0.1138
144.66,0.1045
145.61,0.1014
145.8,0.1023
145.73,0.1002
146.04,0.0898
145.98,0.1011
145.87,0.1011
145.3,0.1037
145.17,0.1061
139.5,0.1516
140.93,0.1345
140.51,0.1371
138.67,0.1492
137.35,0.1667
139.7,0.1373
139.56,0.1324
140.74,0.1325
140.78,0.1293
140.99,0.1248
138.25,0.1563
139.28,0.1457
139.47,0.1288
138.53,0.1575
140.2,0.1438
140.97,0.1328
143.29,0.1221
143.18,0.1227
143.39,0.1247
143.2,0.1229
142.86,0.132
141.82,0.1449
141.97,0.1412
142,0.1401
142.16,0.1376
143.69,0.1328
143.85,0.1311
144.24,0.1268
144.44,0.1277
144.61,0.1233
144.02,0.1315
144.66,0.1259
145.32,0.1238
146.7,0.1197
147.09,0.1192
147.27,0.1218
147.23,0.1238
148.62,0.1214
148.06,0.1234
148.12,0.1242
149.48,0.1244
149.65,0.1236
149.53,0.1209
148.29,0.1309
148.67,0.1278
149.54,0.1252
150.35,0.1263
150.92,0.1265
150.95,0.1209
150.75,0.1257
151.16,0.1225
149.58,0.1333
150.86,0.1262
150.53,0.1323
150.57,0.1334
151.6,0.1293
151.3,0.1277
152.62,0.1225
152.54,0.1205
152.42,0.1102
152.44,0.1247
151.06,0.1344
151.69,0.1258
152.24,0.1262
153.48,0.1207
153.32,0.1196
154.08,0.1153
154.1,0.124
153.49,0.13
151.84,0.1323
149.1,0.1511
151.04,0.1404
151.3,0.1371
149.65,0.1504
151.89,0.1376
152.86,0.1317
153.07,0.1389
152.89,0.1372
153.27,0.1351
151.14,0.1661
151.98,0.1457
150.55,0.1616
149.83,0.1611
148.29,0.1712
150.4,0.1518
150.38,0.1521
150.43,0.1623
151.79,0.1518
152.34,0.1487
152.18,0.1502
152.98,0.1447
153,0.1468
150.92,0.1688
151.99,0.159
154.39,0.1521
154.85,0.1511
154.83,0.1556
154.75,0.1555
154.47,0.1596
155.07,0.1546
153.5,0.1668
153.97,0.1634
151.3,0.1783
151.61,0.1746
148.02,0.1927
145.11,0.2021
147.38,0.1949
145.72,0.2209
146.43,0.228
147.6,0.2033
143.8,0.2374
146.21,0.2064
147.77,0.2008
149.83,0.1979
145.39,0.237
144.71,0.2391
145.23,0.2297
143.01,0.2483
141.04,0.2657
142.1,0.2735
144.71,0.2527
144.64,0.234
144.93,0.2283
146.65,0.2095
146.52,0.2089
148.33,0.1965
146.95,0.2104
143.72,0.2391
146.54,0.216
146.15,0.2292
147.59,0.2168
149.08,0.2041
147.79,0.2284
148.13,0.2226
146.07,0.2435
145.79,0.2517
147.49,0.2322
147.87,0.2343
148.91,0.2284
148.9,0.2265
148.1,0.233
152.46,0.1975
153.36,0.1848
152.28,0.1901
151.97,0.184
151.69,0.1878
151.39,0.1826
152.19,0.1779
153.09,0.1726
152.58,0.177
154.3,0.1715
154.09,0.1785
153.78,0.1832
154.02,0.1806
155.85,0.17
155.02,0.1734
156.48,0.1672
156.22,0.1721
155.47,0.1903
156.33,0.18
155.01,0.1967
153.78,0.2018
154.25,0.1904
153.69,0.1911
149.67,0.219
150.54,0.2159
151.76,0.2059
151.48,0.2103
151.84,0.2142
153.62,0.2016
154.13,0.2008
153.06,0.2102
154.65,0.1886
151.03,0.2295
151.2,0.2233
150.05,0.2383
152.07,0.2169
147.91,0.2553
147.16,0.2533
145.14,0.2727
143.7,0.2775
148.08,0.2386
147.67,0.2515
145.54,0.2688
145.79,0.2527
143.76,0.2692
144.64,0.2609
141.68,0.27
144.13,0.261
140.95,0.2902
142.57,0.268
147.13,0.2462
147.18,0.2507
148.66,0.2452
147.68,0.2521
146.36,0.2487
148.81,0.237
150.94,0.2242
150.91,0.2265
152.08,0.2233
147.91,0.2471
149.37,0.2432
149.06,0.2364
147.17,0.2485
145.07,0.2668
145.88,0.2489
145.88,0.2418
146.8,0.2322
148.13,0.2001
149.23,0.1935
149.55,0.1935
147.67,0.2068
147.3,0.2103
146.21,0.2232
144.93,0.2342
144.86,0.2269
141.31,0.2436
141.19,0.2275
138.91,0.2566
140.37,0.2374
141.29,0.2303
140.15,0.2418
141.28,0.2291
138.17,0.2439
136.98,0.2402
133.43,0.2756
132.06,0.2665
130.72,0.2885
133.86,0.2646
134.99,0.2574
133.04,0.2713
135.24,0.2494
135.91,0.2476
134.91,0.2424
137.37,0.2546
139.58,0.2178
137.82,0.2385
134.13,0.2648
133.05,0.2726
133.93,0.2749
133.07,0.2623
133.75,0.2475
134.99,0.248
136.37,0.2344
135.17,0.2423
135.14,0.244
135.52,0.2431
135.92,0.2331
134.79,0.2416
135.62,0.2307
137.33,0.2224
138.36,0.2133
138.22,0.2233
136.87,0.228
133.82,0.2489
133.5,0.2553
132.99,0.2483
133.83,0.2393
131.06,0.2668
129.71,0.2626
128,0.2794
132.6,0.2509
131.36,0.263
131.65,0.2607
129.61,0.3001
128.3,0.2915
133.63,0.2453
130.32,0.2783
132.08,0.2607
134.72,0.2468
134.85,0.2501
133.2,0.2532
132.78,0.2563
131.51,0.2534
131.97,0.2571
136.61,0.2224
136.7,0.23
137.04,0.237
136.89,0.2278
136.96,0.2249
136.82,0.2268
135.83,0.2327
136.02,0.223
133.38,0.2383
132.93,0.2426
133.24,0.231
136.85,0.2123
137.05,0.2078
138.48,0.1994
138.55,0.2063
137.94,0.2139
137.72,0.2106
138.32,0.201
139.6,0.1945
139.63,0.1946
139.08,0.199
138.26,0.1983
141.12,0.1859
141.51,0.1814
140.83,0.1859
142.05,0.1796
139.52,0.1873
139.16,0.1809
138.9,0.1924
140.46,0.1843
140.48,0.1841
140.77,0.1773
142.53,0.1702
142.66,0.1718
143.05,0.1732
141.89,0.185
139.49,0.1989
139.51,0.1906
137.64,0.2035
138.66,0.1974
139.3,0.1902
140,0.184
140.35,0.1833
138.9,0.1928
138.09,0.2002
138.02,0.2008
140.78,0.1872
136.29,0.2243
136.62,0.2193
135.94,0.2225
133.94,0.2261
134.45,0.2236
136.15,0.2075
136.23,0.2061
135.57,0.2117
134.25,0.2217
134.42,0.211
131.58,0.2224
131.45,0.2185
131.19,0.2204
131.81,0.2058
128.23,0.2378
127.53,0.2254
127.98,0.2312
128.38,0.2319
126.18,0.2513
126.31,0.2408
125.02,0.246
127.24,0.2234
124.79,0.2487
125.3,0.2726
123.84,0.2579
122.72,0.2701
120.99,0.2663
123.96,0.2388
125.2,0.2362
125.98,0.2359
126.05,0.2287
127.48,0.2117
128.17,0.2119
125.51,0.2405
125.48,0.2293
123.64,0.2451
126.28,0.22
128.53,0.2112
126.83,0.2282
126.16,0.2305
124.99,0.2345
128.36,0.209
128.93,0.2049
127.01,0.2186
129.37,0.2095
130.71,0.2099
129.35,0.2189
128.57,0.2227
129.54,0.2122
130.17,0.2075
128.39,0.2206
126.99,0.2198
127.58,0.2143
127.8,0.2083
129.65,0.2053
127.02,0.2186
127.39,0.2182
128.63,0.2156
130.19,0.2053
128.79,0.2141
127.99,0.2228
127.88,0.22
124.03,0.2397
124.42,0.2312
126.99,0.2722
123.22,0.2174
123.72,0.2474
125.51,0.292
126.09,0.2517
120.09,0.2678
122.1,0.3795
116.61,0.2698
120.07,0.4122
124.12,0.2702
121.31,0.3004
118.55,0.3149
118.93,0.3177
120.79,0.2989
120.85,0.3085
111.38,0.3974
115.99,0.3519
116.06,0.3494
111.85,0.3984
110.34,0.3973
104.72,0.4307
100.03,0.4709
97.51,0.499
90.7,0.5594
88.5,0.5612
101.35,0.4816
99.85,0.4752
90.02,0.5537
93.77,0.5653
93.21,0.5465
98.81,0.4603
95.86,0.4808
90.64,0.5695
91.69,0.5986
87.04,0.6417
83.95,0.65
93.76,0.5484
93.08,0.4733
96.3,0.5492
96.83,0.5147
97.11,0.4857
100.41,0.4269
96.19,0.4783
90.86,0.556
93.86,0.4962
92.63,0.5169
89.77,0.527
85.82,0.5787
91.17,0.5392
86.62,0.5199
85.47,0.6094
87.08,0.6417
81.5,0.6645
75.45,0.7224
79.52,0.656
85.03,0.5789
85.66,0.5639
88.97,0.5232
90.09,0.5271
82.11,0.6263
85.27,0.582
87.32,0.5749
85.3,0.6062
87.93,0.5604
91,0.5326
89.5,0.5513
90.11,0.5223
87.94,0.5261
88.99,0.5114
87.75,0.5327
91.88,0.4965
90.99,0.4816
89.29,0.4427
88.19,0.4112
87.06,0.3955
86.16,0.424
86.66,0.4074
87.16,0.4022
86.91,0.3932
88.97,0.3835
90.24,0.3885
92.96,0.3546
92.85,0.3539
93.47,0.3567
90.67,0.3905
91.04,0.3884
89.09,0.3993
86.95,0.4285
87.11,0.4193
84.37,0.4602
84.4,0.4498
85.06,0.4305
80.57,0.5154
84.05,0.4432
82.75,0.4371
83.11,0.4512
83.68,0.4259
84.53,0.3982
87.39,0.3653
84.55,0.3906
82.83,0.4022
82.58,0.4072
83.74,0.3869
83.33,0.3824
84.57,0.3935
86.98,0.3818
87.1,0.3865
83.11,0.4187
83.6,0.4018
83.66,0.38
82.76,0.4022
79.22,0.4286
79.03,0.4479
78.18,0.4256
77.42,0.4432
74.65,0.4709
77.48,0.4298
76.87,0.4326
75.62,0.4196
73.93,0.4356
70.6,0.4734
70.07,0.4811
71.73,0.4447
68.8,0.4517
68.92,0.4514
68.11,0.4605
72.17,0.4046
72.64,0.4204
75.5,0.3884
76.09,0.4018
75.86,0.4007
78.18,0.376
79.93,0.3849
78.94,0.4136
76.71,0.4139
82.22,0.3878
80.6,0.395
81.45,0.3937
83.11,0.3732
81.61,0.3788
78.79,0.4188
79.52,0.4164
81.06,0.3921
83.43,0.3863
84.26,0.3789
83.6,0.3917
81.65,0.3919
82.53,0.3781
85.81,0.368
85.83,0.3624
84.35,0.3722
85.25,0.3634
86.5,0.3481
87.08,0.3388
83.43,0.3677
85.06,0.3537
84.54,0.3839
85.37,0.3637
86.66,0.3437
85.84,0.3578
85.57,0.3611
87.39,0.3461
87.42,0.3629
87.89,0.3322
90.88,0.332
90.57,0.3176
92.14,0.3131
90.86,0.3155
92.98,0.3117
91.24,0.3166
90.97,0.3126
88.68,0.3183
89.44,0.3094
88.71,0.318
91.23,0.2899
91.12,0.2854
90.51,0.2895
89.21,0.3014
89.02,0.3144
91.3,0.2865
89.67,0.2986
90.92,0.2975
92.53,0.2735
94.77,0.2946
94.85,0.286
93.65,0.2982
94.53,0.2902
94.55,0.2897
94.16,0.2844
94.64,0.2844
94.4,0.278
94.82,0.2744
95.08,0.2709
92.9,0.2947
91.64,0.2997
91.55,0.299
92.22,0.2877
92.04,0.2642
89.28,0.2858
89.35,0.2823
90.12,0.2669
92.08,0.2512
91.84,0.2497
92.7,0.2412
91.95,0.2418
92.33,0.2482
89.81,0.2609
89.8,0.2643
88.06,0.2801
88,0.2976
88.17,0.2794
87.96,0.2831
90.1,0.2695
90.61,0.2644
93.26,0.2633
94.15,0.2277
94.13,0.2555
95.13,0.2478
95.57,0.2459
95.55,0.2566
97.66,0.2483
98.06,0.2369
98.35,0.2445
97.89,0.2496
97.65,0.2541
98.67,0.2512
98.81,0.259
100.44,0.2522
100.7,0.2406
100.41,0.2451
99.89,0.2553
101.2,0.2488
100.99,0.2436
99.73,0.2624
100.8,0.2536
101.57,0.2397
100.79,0.2353
98.31,0.2748
99.09,0.254
99.96,0.2565
100.99,0.2479
102.97,0.2452
102.96,0.25
103.16,0.2502
103.17,0.2516
103.4,0.2514
103.38,0.2547
102.46,0.2629
100.2,0.2856
99.82,0.282
100.65,0.2662
102.06,0.2553
102.94,0.2514
103.73,0.2417
104.79,0.238
104.77,0.2408
105.28,0.2392
105.72,0.2379
107.32,0.2353
107.16,0.2193
106.72,0.2317
106.45,0.2254
107.07,0.2196
106.18,0.218
105.01,0.2366
104.45,0.2362
106.32,0.2268
106,0.2303
105.59,0.2314
103,0.2499
102.49,0.255
104.02,0.2451
105.51,0.239
105.8,0.2329
106.61,0.2263
107.26,0.2222
107.68,0.2285
107.46,0.2295
109.31,0.2267
109.71,0.2241
108.89,0.2233
109.79,0.2204
109.21,0.2106
108.23,0.224
109.33,0.2098
108.08,0.2206
106.91,0.2333
106.42,0.2374
104.41,0.2593
106.65,0.2383
103.56,0.2669
104.32,0.2674
104.65,0.2643
104.92,0.2541
106.85,0.2454
107.13,0.235
109.57,0.2237
109.59,0.2237
110.15,0.2263
109.03,0.235
109.62,0.2309
111.21,0.2273
111.34,0.228
111.27,0.222
109.82,0.2235
109.43,0.2193
110.82,0.2103
110.99,0.2109
111.38,0.2078
109.57,0.2379
109.94,0.2373
111.3,0.2185
111.25,0.2157
110.38,0.2275
111.01,0.2106
110.84,0.2233
109.61,0.2345
110.02,0.225
110.64,0.2201
111.11,0.2135
111.87,0.2166
111.35,0.2156
111.52,0.2121
110.18,0.2171
110.21,0.2028
111.33,0.1958
111.73,0.1845
111.95,0.1846
112.48,0.1806
112.72,0.1882
112.56,0.1863
112.52,0.1861
111.44,0.1967
113.33,0.1904
113.63,0.1847
113.71,0.1839
114.19,0.1812
114.57,0.1775
114.73,0.1822
113.66,0.1829
114.62,0.1809
114.93,0.1773
113.64,0.182
115.06,0.1814
113.89,0.1829
111.7,0.2064
109.21,0.225
109.77,0.2222
109.31,0.2212
109.83,0.2125
108.57,0.2196
107.39,0.2277
109.06,0.206
110.38,0.2046
109.83,0.198
106.44,0.2323
106.66,0.2375
105.89,0.2381
107.22,0.2348
107.01,0.2336
108.13,0.2213
108.04,0.2124
109.74,0.208
110.26,0.2001
110.91,0.1886
111.14,0.1898
111.16,0.1812
109.81,0.1901
110.82,0.1879
110.67,0.1859
110.74,0.1825
111.89,0.1802
112.2,0.1784
112.3,0.1737
112.64,0.1743
114.25,0.1705
114.27,0.1719
114.46,0.1699
114.97,0.1724
115.45,0.1732
115.46,0.1704
115.49,0.1754
116.41,0.1707
117.1,0.1673
117.04,0.1639
115.97,0.1622
116.59,0.1627
117.41,0.1588
116.84,0.1659
116.65,0.1701
116.58,0.1653
117.32,0.1661
117.4,0.1647
117,0.1616
117.8,0.1658
118.76,0.1622
119.04,0.1579
118.36,0.1609
118.77,0.1579
119.55,0.1555
119.74,0.1624
119.83,0.1623
121.19,0.16
121.29,0.1605
119.36,0.1667
119.81,0.1671
120.88,0.1569
120.66,0.1654
121.02,0.177
121.81,0.1686
121.35,0.1715
118.48,0.1955
119.38,0.1904
120.86,0.1737
118.81,0.1987
120.35,0.1891
117.52,0.2108
116.82,0.2288
112.94,0.2918
111.26,0.3319
116.16,0.2463
115.83,0.2512
117.45,0.2321
115.99,0.2388
113.89,0.2693
113.95,0.268
112.4,0.291
111.76,0.3025
107.54,0.3699
109.11,0.3375
107.71,0.3237
107.82,0.302
107.17,0.3135
110.76,0.2618
109.37,0.2827
107.53,0.307
110.33,0.2689
110.71,0.2629
106.82,0.3023
105.49,0.3184
106.62,0.304
106.05,0.3057
109.15,0.2776
109.68,0.2715
109.51,0.2674
112,0.2456
111.96,0.2426
112.14,0.2338
111.73,0.2177
111.41,0.2175
109.57,0.2364
109.23,0.2406
107.42,0.2632
107.87,0.2578
107.53,0.2549
104.21,0.3014
103.22,0.3162
102.76,0.3001
102.2,0.2866
102.87,0.2734
106.11,0.2474
107.16,0.2399
107.96,0.2372
108.03,0.2433
109.66,0.2392
109.65,0.2444
109.68,0.25
106.66,0.2577
107.29,0.2547
108.48,0.2415
107.07,0.2524
109.46,0.2394
110.41,0.2243
111.56,0.2191
111.55,0.2188
110.83,0.224
110.29,0.2269
110.27,0.2177
112.76,0.2016
112.22,0.2058
112.97,0.205
112.85,0.2075
112.39,0.2075
112.99,0.2046
112.38,0.206
109.3,0.2416
108.63,0.242
108.31,0.2533
108.26,0.2482
109.59,0.2351
109.79,0.2435
107.88,0.2493
107.53,0.2475
107.12,0.246
105.53,0.2552
105.94,0.256
105.23,0.2621
106.86,0.2353
105.31,0.2569
105.31,0.24
108.46,0.2192
109.47,0.2182
110.89,0.2036
109.64,0.2219
110.41,0.2155
110.92,0.2139
111.48,0.2082
112.72,0.2017
112.65,0.202
113.08,0.2058
113.05,0.201
112.49,0.2061
114.21,0.1991
113.98,0.2055
113.42,0.2073
112.5,0.2197
114.82,0.203
114.27,0.2117
114.67,0.2096
114.47,0.2209
114.13,0.2187
114.61,0.2123
113.75,0.2251
116.04,0.2118
116.03,0.2102
115.89,0.2083
116.54,0.2053
116.65,0.2067
117.01,0.2061
117.92,0.204
117.46,0.2039
117.7,0.2043
118.28,0.1997
116.73,0.2116
117.87,0.2042
118.13,0.2014
118.35,0.1934
118.7,0.2022
118.72,0.2039
118.38,0.2078
118.4,0.2073
118.49,0.2117
118.53,0.211
119.47,0.2057
119.95,0.1898
122.26,0.1853
122.72,0.1848
122.49,0.1834
121.61,0.1918
122.1,0.1857
121.64,0.1869
120.2,0.2024
120.03,0.1986
118.16,0.2166
118.22,0.2106
119.96,0.1844
120.29,0.1816
120.19,0.1845
118.45,0.1973
120.2,0.1898
119.29,0.2071
119.16,0.2065
118.49,0.2298
121.01,0.2083
122.56,0.1903
122.89,0.1803
122.76,0.1805
122.83,0.1804
123.28,0.1778
123.76,0.1727
124.48,0.1735
124.56,0.1804
124.67,0.1794
124.1,0.1829
124.82,0.1789
124.3,0.1617
124.6,0.1579
125.39,0.1559
125.78,0.1536
125.6,0.1594
125.65,0.1683
125.83,0.1696
125.92,0.1669
125.72,0.1689
125.75,0.169
127.05,0.1678
126.98,0.167
127.64,0.164
127.39,0.1645
127.14,0.1649
126.98,0.1703
127.43,0.1649
128.58,0.1565
128.37,0.1586
129.3,0.1524
129.52,0.1512
128.25,0.1645
128.08,0.1689
128.37,0.1619
129.1,0.1521
129.17,0.1535
129.67,0.144
129.99,0.1411
127.72,0.1635
128.68,0.1571
130.74,0.1485
130.49,0.1453
130.78,0.1437
131.15,0.1379
131.97,0.1355
132.57,0.1352
132.27,0.1341
132.32,0.1325
133.11,0.1339
133.43,0.1361
133.01,0.139
133.85,0.1412
134.25,0.1413
134.53,0.1417
131.83,0.1723
131.02,0.1796
130.93,0.179
132.33,0.1619
133.15,0.1519
130.93,0.1784
131.21,0.1716
133.47,0.161
132.47,0.1652
131.43,0.1787
132.58,0.1715
132.39,0.1787
129.94,0.1947
130.84,0.1803
130.05,0.1894
128.56,0.2042
126.17,0.2283
127.85,0.2132
127.76,0.2042
129.74,0.1828
129.29,0.181
129.66,0.1778
130.9,0.168
131.3,0.1655
130.98,0.1778
131.86,0.1682
132.77,0.1642
132.59,0.1606
133.15,0.1609
133.26,0.1619
133.24,0.1608
133.66,0.1616
133.32,0.1627
132.86,0.1682
132.46,0.1705
131.47,0.1756
131.46,0.1703
131.56,0.1659
132.04,0.1561
130.56,0.1697
131.31,0.1621
133.1,0.147
133.78,0.1494
133.64,0.1511
134.79,0.1492
135.67,0.1458
136.11,0.1377
136.43,0.1318
136.22,0.1441
135.73,0.1493
134.83,0.154
133.61,0.1573
134.2,0.163
134.72,0.1506
135.87,0.1404
134.44,0.1517
135.08,0.1369
134.04,0.1546
133.19,0.1606
133.17,0.1578
134.36,0.1428
134.68,0.1409
133.61,0.1472
132.06,0.1594
131.95,0.1584
132.39,0.1534
133,0.1419
133.51,0.1444
134.9,0.1371
131.87,0.1554
131.73,0.1575
130.42,0.1648
129.04,0.165
128.96,0.1627
128.42,0.1688
129.4,0.1599
127.6,0.1732
127.7,0.1721
129.32,0.1584
127.02,0.18
127.3,0.1868
127.05,0.1913
127.7,0.1787
129.45,0.171
128.67,0.1751
128.3,0.1758
126.81,0.1901
127.94,0.1838
129.61,0.1697
130.72,0.1542
131.97,0.1518
133.92,0.1495
133.81,0.1546
133.97,0.1543
135.36,0.1488
134.4,0.1512
131.97,0.1734
131.4,0.1865
131.84,0.1863
130.93,0.1846
131.69,0.1788
130.61,0.1982
132.73,0.1811
132.65,0.1801
134.49,0.1699
134.58,0.1667
133.83,0.17
133.33,0.181
130.6,0.2033
130.22,0.2025
129.33,0.2088
128.78,0.1942
125.49,0.2081
126.17,0.2047
120.26,0.2592
120.08,0.2705
112.26,0.3622
117.48,0.2709
112.29,0.3235
117.33,0.3054
118.12,0.2885
120.62,0.2581
119.59,0.2624
119.67,0.2524
114.51,0.3174
112.64,0.331
112.73,0.3321
116.44,0.2745
118.08,0.2823
116.28,0.3087
117.97,0.2771
121.36,0.2622
121.68,0.2726
122.22,0.2574
120.94,0.2665
117.85,0.2741
116.99,0.2997
120.29,0.2664
119.04,0.2882
115.92,0.3215
116.67,0.3235
117.74,0.3135
119.37,0.2983
121.43,0.2788
121.52,0.2754
120.31,0.2878
120.17,0.2919
116.63,0.3195
112.86,0.3526
113.54,0.3588
116.24,0.3315
117.54,0.3243
115.14,0.3548
116.05,0.3375
113.15,0.3787
109.93,0.4063
112.34,0.3719
114.42,0.3434
116.49,0.3357
115.71,0.3297
119.58,0.3057
119.7,0.3018
120.75,0.2806
120.51,0.2781
122.57,0.2612
120.23,0.2902
122.58,0.2866
121.13,0.3039
121.66,0.3076
123.97,0.28
125.49,0.2569
123.05,0.2741
124.3,0.26
128.63,0.2025
128.6,0.2182
125.5,0.2516
122,0.2676
123.99,0.2691
126.25,0.254
125.48,0.2507
126.26,0.2469
127.88,0.2338
123.16,0.2887
124.32,0.2731
126.66,0.2558
125.46,0.2644
126.08,0.2619
124.08,0.284
122.11,0.2924
121.98,0.2836
119.66,0.2983
119.19,0.2851
116.56,0.3032
116.34,0.318
119.71,0.2854
120.05,0.2749
124.99,0.2415
124.97,0.2503
124.86,0.2331
126.22,0.243
126.26,0.2521
126.73,0.2497
123.95,0.2685
126.05,0.2393
124.21,0.2506
123.05,0.2466
121.74,0.2519
122.19,0.2401
121.59,0.2426
120.29,0.2428
123.93,0.2264
124.17,0.2173
125.27,0.2127
126.39,0.2125
126.49,0.2171
124.83,0.2257
126.12,0.2229
125.5,0.2253
127.5,0.218
127.7,0.213
128.04,0.2076
127.71,0.2015
128.02,0.2045
129.13,0.2033
129.2,0.2026
129.51,0.1999
128.84,0.2017
129.34,0.2132
130.77,0.2005
131.46,0.2017
131.95,0.1824
131.61,0.18
131.46,0.1763
132.56,0.1683
131.88,0.1708
131.82,0.1709
131.37,0.1724
131.32,0.1748
132.47,0.1659
132.68,0.1586
134.54,0.1515
134.45,0.1505
134.79,0.1518
135.19,0.1572
135.36,0.1599
134.36,0.1697
135.36,0.1652
135.19,0.1678
134.56,0.1744
136.05,0.167
136.41,0.1584
136.47,0.1419
136.03,0.1595
136.63,0.1446
136.93,0.1485
137.16,0.1517
137.56,0.1532
137.02,0.1596
137.73,0.1442
137.31,0.133
136.75,0.1521
134.75,0.1703
135.69,0.1513
137.04,0.1527
137.57,0.1468
137.58,0.1437
140.06,0.1393
139.91,0.148
140.72,0.145
140.3,0.148
140.85,0.1479
140.44,0.1472
140.21,0.1457
139.2,0.1489
139.65,0.1416
141.61,0.1317
141.17,0.1451
140.47,0.1464
140.23,0.1481
140.81,0.1486
141.84,0.1487
141.26,0.1497
139.86,0.1578
139.79,0.1638
138.22,0.1809
135.9,0.1876
137,0.1936
138.79,0.1743
137.14,0.1885
137.05,0.1988
139.08,0.1832
138.61,0.1843
137.72,0.1774
137.95,0.1734
136.79,0.1807
137.31,0.1701
139.19,0.1575
140.16,0.1494
140.39,0.1497
139.87,0.1516
140.74,0.1484
140.32,0.149
139.25,0.1553
137,0.1672
137.1,0.1628
136.55,0.1671
135.74,0.1797
136.02,0.1668
135.61,0.1775
134.11,0.1881
133.34,0.1901
132.83,0.196
130.86,0.2125
129.74,0.2179
131.97,0.1933
132.2,0.1806
132.27,0.1975
132.53,0.1874
132.1,0.1946
133.7,0.1799
131.76,0.2007
131.47,0.2084
128.16,0.2178
128.1,0.2335
129.07,0.221
131.97,0.1814
132.05,0.191
133.1,0.1815
131.41,0.2038
132.92,0.1927
132.07,0.2075
133.47,0.1946
134.14,0.1928
134.4,0.171
135.7,0.173
135.48,0.1613
132.44,0.1835
133.46,0.1751
131.32,0.1955
131.98,0.1896
133.17,0.1875
132.79,0.1842
136.1,0.1584
136.51,0.1607
137.41,0.158
136.79,0.1698
135.49,0.1653
135.32,0.1736
134.14,0.1811
134.16,0.1744
133.51,0.1815
135.75,0.1683
135.43,0.1724
136.36,0.1687
137.37,0.1669
137.73,0.1617
136.47,0.1689
135.09,0.1857
133.93,0.2024
133.96,0.1881
136.17,0.1709
138.68,0.1598
138.68,0.1599
137.71,0.1627
137.59,0.1647
136.64,0.1589
139.35,0.1449
139.62,0.1464
140.32,0.1473
140.49,0.1439
140.61,0.1398
140.84,0.1275
140.77,0.1386
140.79,0.146
140.95,0.1455
141.99,0.1447
142.18,0.1372
142.19,0.1379
141.76,0.1448
141.82,0.1444
140.66,0.1532
141.51,0.1458
141.54,0.1535
141.4,0.1552
141.51,0.1606
140.49,0.1662
141.16,0.1614
141.03,0.1591
140.91,0.1595
143.77,0.1415
144.33,0.1307
143.51,0.1455
143.91,0.1468
144.39,0.1373
146.59,0.132
147.24,0.1349
146.74,0.1365
146.62,0.1313
146.7,0.1291
146.71,0.1296
145.87,0.1334
145.65,0.1331
144.1,0.14
143.29,0.1514
144.64,0.1367
143.97,0.1412
144.34,0.149
144.5,0.1409
145.09,0.1448
146.12,0.1389
146.14,0.1413
145.64,0.1463
144.2,0.1554
143.28,0.157
143.36,0.1517
142.89,0.1606
144.08,0.1508
145.54,0.1492
146.2,0.1483
145.82,0.1469
143.39,0.1638
143.41,0.1602
141.42,0.1822
141.02,0.1743
141.43,0.1743
141.35,0.1659
141.35,0.1663
142.83,0.1405
141.56,0.1511
141.85,0.1551
142.96,0.1484
139.72,0.1502
138.04,0.1646
138.16,0.1656
138.26,0.1549
137.79,0.159
135.93,0.1655
135.7,0.1684
136.37,0.1536
139.13,0.1422
139.19,0.1386
139.45,0.1404
141.35,0.141
141.05,0.1406
140.33,0.1407
141.46,0.1444
142.12,0.1389
142.16,0.1489
141.45,0.1453
141.25,0.1614
141.5,0.1575
141.98,0.1583
142.41,0.153
142.47,0.1513
143.44,0.1438
143.51,0.1506
142.63,0.1525
142.11,0.1546
143.77,0.1494
145.37,0.1411
144.29,0.1523
145.12,0.1506
142.79,0.1554
142.35,0.1653
141.75,0.1734
141.56,0.1748
140.03,0.195
142.41,0.1616
146.06,0.1413
145.73,0.1454
146.37,0.1421
145.97,0.1423
145.55,0.1425
145.92,0.1462
147.08,0.1432
147.07,0.1426
146.97,0.1507
147.07,0.1493
147.05,0.1469
148,0.1418
148.33,0.1315
149.13,0.1206
149.37,0.1161
149.41,0.1158
150.25,0.1166
150.07,0.1167
150.66,0.1122
150.07,0.1207
149.7,0.1207
151.24,0.113
149.53,0.1163
151.05,0.119
151.16,0.1188
150.96,0.1064
151.8,0.1144
151.77,0.1116
152.02,0.1086
152.15,0.1112
152.29,0.1098
152.11,0.1055
153.25,0.0844
151.34,0.1222
150.42,0.1234
151.89,0.1187
149,0.1506
150.02,0.1392
151.91,0.1152
151.61,0.1259
152.11,0.1126
152.92,0.1163
154.29,0.1137
154.5,0.1046
154.78,0.1107
155.44,0.1097
156.03,0.1065
155.68,0.1093
155.91,0.1052
156.73,0.1018
155.83,0.1109
154.97,0.1203
154.61,0.1264
155.69,0.1268
154.36,0.1288
155.6,0.128
154.95,0.125
156.19,0.1213
156.19,0.1272
156.67,0.1203
156.05,0.1276
156.82,0.1211
155.23,0.1322
155.86,0.129
155.16,0.1334
156.21,0.1255
156.75,0.124
158.67,0.1216
159.19,0.1221
158.8,0.124
155.12,0.1543
157.41,0.1369
155.11,0.1549
154.14,0.1614
155.48,0.1468
156.17,0.1435
157.78,0.1358
157.88,0.1342
158.52,0.1317
158.24,0.1316
159.3,0.121
159.68,0.1171
158.28,0.1283
159.75,0.121
161.37,0.1161
161.78,0.1131
162.6,0.114
163.34,0.1135
162.88,0.117
163.41,0.1047
163.54,0.1179
165.23,0.1189
166.12,0.1216
165.34,0.1224
166.94,0.1186
166.93,0.1197
167.17,0.1261
165.93,0.1245
165.45,0.1288
165.31,0.1255
166.3,0.1294
165.22,0.1329
165.83,0.1294
163.44,0.1403
164.35,0.1347
163.56,0.1392
161.27,0.1498
162.73,0.1444
164.8,0.138
164.8,0.1372
163.1,0.1477
161.75,0.162
164.21,0.1477
163.18,0.152
164.44,0.1472
165.74,0.1467
163.45,0.142
159.4,0.1674
159.07,0.1692
157.06,0.1815
158.57,0.1698
160.14,0.1633
161.08,0.1593
160.42,0.1615
161.36,0.1575
161.21,0.1581
161.28,0.1539
163.02,0.1466
163.94,0.1439
165.13,0.1415
165.19,0.1407
167.44,0.1398
167.51,0.139
168.16,0.1414
167.53,0.1452
167.95,0.1416
168.87,0.1474
169.17,0.1346
169.5,0.1329
169.14,0.1323
168.52,0.1352
168.93,0.1345
169.11,0.129
168.59,0.1272
168.59,0.1225
168.71,0.1204
170.66,0.1189
170.95,0.1113
170.7,0.1085
169.73,0.1133
169.18,0.1034
169.8,0.1147
169.31,0.1211
169.11,0.1219
169.61,0.1179
168.74,0.1227
166.38,0.1354
165.83,0.133
164.77,0.135
165.58,0.1356
164.56,0.1452
166.06,0.1303
166.62,0.1262
166,0.1352
163.33,0.1469
163.91,0.148
164.17,0.1506
163.65,0.1497
164.39,0.1502
165.75,0.1429
165.96,0.1434
166.04,0.1434
167.63,0.1375
168.87,0.1302
169.4,0.1243
168.95,0.1266
169.33,0.1253
170.31,0.1278
171.07,0.1279
173.05,0.1245
172.76,0.12
170.72,0.1286
169.93,0.137
169.53,0.1335
169.04,0.1311
169.69,0.1316
168.91,0.1361
168.01,0.1475
169.34,0.1389
169.18,0.1541
167.62,0.1616
168.89,0.1559
167.43,0.1728
165.48,0.1843
165.6,0.181
169.17,0.1556
170.26,0.1451
170.94,0.149
169.7,0.161
172.07,0.1443
173.22,0.1312
174.39,0.129
174.4,0.1311
175.41,0.135
174.57,0.1303
175.15,0.1251
175.95,0.1272
176.23,0.1224
177.17,0.122
176.29,0.1238
175.79,0.1198
176.21,0.12
176.83,0.1151
176.27,0.1163
177.17,0.116
174.93,0.121
177.29,0.116
177.32,0.1166
176.96,0.1087
178.38,0.1148
179.27,0.1131
180.05,0.1121
179.42,0.1142
179.03,0.1181
178.47,0.1138
179.91,0.114
180.81,0.1088
180.63,0.1094
180.68,0.112
181.12,0.1131
181,0.1165
180.53,0.1195
179.75,0.1209
179.73,0.1159
178.94,0.1257
180.94,0.1162
181.4,0.1165
180.75,0.1172
178.72,0.1274
178.13,0.1308
178.11,0.1317
179.22,0.1322
178.65,0.1341
181.7,0.1119
181.49,0.1146
181.56,0.1107
182.53,0.1099
182.93,0.1047
183.85,0.1077
183.84,0.1074
183.82,0.117
184.69,0.1184
182.92,0.1224
182.88,0.1231
182.36,0.1225
183.48,0.1189
183.52,0.1172
183.64,0.1179
184.14,0.1161
181.69,0.1293
183.67,0.1217
184.66,0.1244
184.42,0.1256
183.63,0.1234
184.18,0.1253
184.3,0.1221
182.79,0.1265
178.89,0.1486
178.01,0.1464
179.07,0.1333
177.35,0.1435
179.23,0.1457
178.18,0.1482
174.17,0.1692
175.38,0.1551
175.17,0.1542
177.48,0.148
179.68,0.1295
180.01,0.1295
181.98,0.1243
182.07,0.1216
183.01,0.1234
184.02,0.1192
184.24,0.1203
183.02,0.1282
184.1,0.1214
183.89,0.1209
184.91,0.1194
184.84,0.1164
184.85,0.1235
185.82,0.1186
186.29,0.1153
184.98,0.1281
187.58,0.1218
187.75,0.1209
188.18,0.1236
188.26,0.1172
188.16,0.1232
187.23,0.1295
187.28,0.1225
185.18,0.1353
184.66,0.146
186.33,0.1325
187.66,0.1259
186.66,0.1302
187.75,0.1226
186.2,0.1291
185.43,0.1325
186.31,0.1266
184.97,0.1388
184.58,0.1338
185.49,0.1303
187.01,0.129
188.25,0.1203
188.88,0.1219
188.63,0.1232
186.4,0.1282
184.34,0.1407
185.1,0.1372
187.09,0.1285
183.16,0.1388
181.51,0.1531
182.94,0.1477
184.2,0.1417
186.12,0.1388
186.39,0.1313
187.04,0.1327
187.89,0.1312
187.45,0.1302
187.83,0.1292
186.29,0.1368
186.88,0.1284
187.75,0.1293
188.31,0.1209
188.32,0.1203
188.06,0.1212
188.42,0.1232
186.78,0.1263
187.88,0.1152
187.68,0.1254
187.96,0.1207
189.78,0.1178
189.96,0.118
189.06,0.1207
187.4,0.125
188.05,0.1192
188.74,0.1178
187.55,0.1228
189.13,0.116
189.59,0.117
190.35,0.1146
191.52,0.1129
191.38,0.1143
192.37,0.1141
192.68,0.1146
192.9,0.1121
192.8,0.117
193.19,0.1165
194.45,0.1141
195.38,0.1015
195.58,0.1105
195.6,0.1084
194.92,0.1089
193.54,0.1162
194.13,0.1142
194.29,0.1168
194.83,0.1135
196.25,0.1029
196.48,0.103
195.94,0.0984
195.88,0.1001
194.7,0.1053
195.58,0.1056
195.44,0.1042
195.82,0.1033
195.72,0.1019
197.03,0.1012
197.23,0.1001
198.2,0.0962
197.51,0.1045
196.24,0.1094
197.12,0.1073
196.34,0.116
196.61,0.1101
197.6,0.1101
197.23,0.1129
197.96,0.1082
195.71,0.1276
197.71,0.1145
197.34,0.1219
198.2,0.1221
198.64,0.1187
198.65,0.1185
197.72,0.1229
197.8,0.1208
196.95,0.1273
196.98,0.1254
193.09,0.1505
192.5,0.1484
193.89,0.1389
192.01,0.1525
192.07,0.1505
191.03,0.1541
193.24,0.1476
193.79,0.1394
193.53,0.1365
194.84,0.1253
195.76,0.1192
195.72,0.1197
197.36,0.1144
198.39,0.1142
198.92,0.1138
199.5,0.1134
199.19,0.112
200.2,0.1154
200.33,0.1142
200.25,0.1151
200.14,0.116
200.71,0.1207
200.61,0.121
200.5,0.1202
200.21,0.1197
201.11,0.1108
200.59,0.1172
199.32,0.1217
200.07,0.1182
200.3,0.1196
199.13,0.1236
198.98,0.1284
200.48,0.1178
200.75,0.1146
201.82,0.1108
200.7,0.1032
199.15,0.116
198.01,0.1297
199.56,0.1161
196.34,0.1306
197.9,0.1259
197.54,0.1392
197.02,0.1445
194.35,0.1488
194.38,0.1455
196.52,0.1358
196.29,0.1411
193.26,0.1564
196.64,0.138
192.74,0.1604
190.54,0.1837
187.41,0.2039
187.7,0.1889
186.43,0.2141
186.27,0.2164
188.47,0.188
190.3,0.1783
194.07,0.1605
192.69,0.1704
194.93,0.1622
196.43,0.163
196.16,0.162
198.41,0.15
198.11,0.1531
199.38,0.1503
201.66,0.1463
201.77,0.1468
201.07,0.1505
202.34,0.1414
203.15,0.138
203.34,0.1364
203.98,0.1289
204.18,0.1302
203.96,0.1293
204.19,0.1338
204.24,0.1178
204.37,0.1186
205.55,0.1173
205.22,0.1173
205.58,0.1145
206.68,0.112
207.26,0.1108
207.11,0.1103
207.64,0.111
207.2,0.1199
205.76,0.1268
207.09,0.1191
207.89,0.1118
207.66,0.1154
208,0.0999
206.61,0.1255
206.47,0.1267
203.16,0.1431
204.19,0.1639
200.89,0.1752
199.51,0.1668
197.91,0.1828
201.79,0.1568
206.78,0.1329
206.52,0.1206
207.47,0.1307
207.75,0.1281
207.77,0.1257
208.44,0.1266
208.72,0.1287
207.6,0.1339
205.54,0.1524
205.43,0.1534
201.72,0.1669
199.82,0.1784
202.31,0.1681
205.9,0.1511
204.25,0.1612
202.65,0.17
202.08,0.1722
200.86,0.1791
199.02,0.1825
201.63,0.1798
202.06,0.1788
203.08,0.167
206.1,0.1507
204.97,0.1503
205.45,0.1273
202.74,0.1471
200.14,0.1728
201.99,0.1582
199.45,0.174
201.92,0.2026
204.84,0.1945
204.06,0.1765
206.12,0.1883
205.55,0.1406
204.63,0.1401
206.81,0.1826
206.93,0.1498
208.92,0.1685
209.78,0.1453
210.11,0.1387
210.13,0.1368
209.98,0.1347
211.24,0.1261
211.21,0.1263
211.81,0.1192
211.63,0.1224
211.38,0.1206
210.66,0.1168
211.99,0.1181
211.12,0.1238
210.23,0.1242
210.46,0.1216
207.5,0.1318
208.36,0.133
204.98,0.1483
204.5,0.1486
207.1,0.1401
205.83,0.1484
208.58,0.1594
207.96,0.1545
210.46,0.187
209.5,0.1426
210.41,0.1273
210,0.1307
208.82,0.132
205.76,0.1466
205.27,0.1483
205.74,0.1461
208.25,0.1431
206.43,0.1495
205.7,0.1474
206.44,0.1455
207.83,0.1448
207.28,0.1453
207.97,0.1385
208.9,0.1316
210.04,0.126
209.09,0.1379
209.49,0.1342
210.43,0.1308
210.37,0.1287
207.95,0.1387
209.85,0.1385
209.6,0.1357
210.63,0.1323
211.16,0.13
211.65,0.1299
210.77,0.1351
211.44,0.1286
210.57,0.1397
208.46,0.1426
210.72,0.1344
211.32,0.1332
208.9,0.1459
208.04,0.1513
208.87,0.1485
211.62,0.1385
210.6,0.1459
209.98,0.1412
210.02,0.1406
212.21,0.131
212.44,0.1299
213.1,0.1295
213.03,0.1305
212.88,0.1318
213.5,0.1274
212.99,0.1261
210.7,0.1327
212.7,0.1308
212.46,0.1268
211.14,0.1331
211.57,0.137
211.36,0.1406
211.92,0.1304
210.13,0.1391
209.77,0.142
208.48,0.1507
208.45,0.1456
210.95,0.1319
211.63,0.1334
210.01,0.1415
209.11,0.1508
210.25,0.1434
210.59,0.1458
212.78,0.1305
210.81,0.1307
211.89,0.121
212.04,0.1142
210.5,0.1241
209.86,0.1268
209.82,0.1247
205.42,0.1587
205.85,0.1553
207.5,0.1432
207.31,0.1501
206.72,0.1542
208.02,0.1529
204.53,0.1748
204.9,0.1801
207.48,0.1541
209.77,0.1352
210.68,0.133
210.61,0.1286
212.3,0.1255
212.48,0.1235
212.59,0.1255
211.75,0.1247
211.37,0.1254
210.18,0.1282
208,0.1334
206.79,0.1493
209.33,0.1358
210.77,0.1318
210.82,0.1275
210.5,0.1295
209.79,0.1347
209.38,0.1414
210.07,0.1347
208.35,0.1396
207.95,0.1421
210.57,0.1349
208.67,0.1458
208.92,0.1442
208.66,0.1445
209.42,0.1391
210.59,0.1371
209.98,0.1408
208.32,0.1556
203.97,0.1882
197.83,0.2167
189.5,0.3176
187.27,0.2619
194.46,0.2423
199.27,0.2101
199.28,0.2142
197.67,0.2414
191.77,0.2592
195.41,0.2322
195.55,0.2348
192.59,0.2409
197.43,0.2237
194.79,0.2269
195.85,0.2261
196.74,0.2151
196.01,0.218
198.46,0.2019
200.18,0.1847
199.73,0.2006
195.45,0.1859
196.46,0.1717
193.91,0.1929
193.6,0.1901
192.9,0.2046
192.85,0.2064
188.01,0.2306
188.12,0.2249
191.63,0.2197
192.13,0.2012
195,0.1943
198.47,0.1863
197.79,0.1878
199.41,0.1764
201.21,0.1652
201.33,0.1636
201.52,0.1564
200.25,0.1716
199.29,0.1777
202.35,0.1562
203.27,0.1553
203.37,0.1522
203.11,0.1638
201.85,0.1741
205.26,0.1427
207.51,0.1543
207,0.1587
206.6,0.1555
208.95,0.1482
208.83,0.1493
207.93,0.1525
210.39,0.1468
211,0.1466
210.36,0.155
210.15,0.1508
210.04,0.1468
208.08,0.1615
208.56,0.1547
207.74,0.16
204.84,0.1775
202.54,0.1863
205.62,0.1739
205.47,0.175
208.73,0.1647
208.55,0.1646
209.31,0.1537
209.07,0.1555
209.35,0.1597
209.32,0.1511
209.56,0.1537
208.69,0.157
210.68,0.1491
208.53,0.1537
205.61,0.1698
209.62,0.1516
208.35,0.1505
206.95,0.1736
205.34,0.1845
205.87,0.1821
201.88,0.2088
202.9,0.2027
205.03,0.181
208.03,0.1698
204.86,0.1903
200.02,0.1834
201.67,0.1682
203.5,0.1522
206.02,0.1563
205.68,0.1563
205.21,0.1559
207.4,0.146
205.93,0.1572
203.87,0.161
201.02,0.1774
201.36,0.173
198.82,0.1843
194.05,0.2192
191.92,0.2272
192.11,0.2121
193.66,0.2087
188.83,0.2237
191.93,0.2092
187.81,0.2256
188.06,0.2303
185.65,0.2334
186.69,0.2365
190.52,0.2116
187.64,0.2243
190.2,0.2136
188.13,0.2197
189.11,0.2199
193.72,0.2005
193.65,0.1961
190.16,0.2107
191.3,0.2093
191.6,0.2161
187.95,0.2245
185.42,0.238
185.43,0.2477
185.27,0.2459
182.86,0.2539
186.63,0.2432
189.78,0.231
192.88,0.2133
192.09,0.208
192,0.2034
194.78,0.1999
192.32,0.2053
193.2,0.1955
195.54,0.1884
195.09,0.1984
193.56,0.2008
198.11,0.1747
199,0.1754
199.78,0.1737
200.43,0.1763
200.59,0.1748
198.4,0.1806
199.38,0.1811
199.54,0.1802
202.76,0.1701
202.5,0.1673
202.17,0.1672
203.34,0.1601
204.63,0.1553
204.38,0.1402
204.67,0.1359
204.56,0.1365
203.21,0.1429
203.12,0.143
203.24,0.1483
205.12,0.1363
206.02,0.1343
205.52,0.1333
206.92,0.1313
206.25,0.1425
204.19,0.1514
206.42,0.1417
203.95,0.1587
204.5,0.1519
204.02,0.1612
205.92,0.1494
208,0.1433
208.01,0.1404
207.78,0.1399
209.24,0.1407
209.9,0.1417
210.1,0.1391
208.97,0.1501
208.97,0.142
208.61,0.1458
208.92,0.1408
209.35,0.1417
207.45,0.1504
206.33,0.1562
207.97,0.1526
206.16,0.1612
205.01,0.1635
204.97,0.1676
205.72,0.1589
205.89,0.1572
208.45,0.1515
206.5,0.1612
206.56,0.1585
204.76,0.1611
206.78,0.1566
204.85,0.1622
204.91,0.1675
204.2,0.1643
205.49,0.1581
205.21,0.1614
207.87,0.1426
209.28,0.141
209.34,0.1367
210.24,0.1341
209.84,0.138
210.27,0.1389
210.91,0.1368
210.28,0.1353
211.35,0.1367
211.68,0.1391
212.37,0.138
212.08,0.1438
210.07,0.1562
208.45,0.1819
208.04,0.1811
207.75,0.1784
208.37,0.1711
206.52,0.1678
207.85,0.1547
208.44,0.1543
208.1,0.1675
210.81,0.1509
203.13,0.1856
199.6,0.2012
203.2,0.1635
206.66,0.1432
209.47,0.1431
209.92,0.1368
208.41,0.1431
209.66,0.1416
209.53,0.1402
212.65,0.1311
213.4,0.1306
214.95,0.1271
214.92,0.1257
216.12,0.1269
215.83,0.1303
216.41,0.129
216.19,0.1257
217.09,0.1253
216.26,0.1322
217.24,0.1292
216.65,0.1333
216.75,0.1326
216.52,0.1325
216.77,0.1304
217.12,0.1205
216.94,0.1287
215.55,0.1343
216.18,0.1329
216.41,0.1302
218.18,0.1239
218.05,0.1227
218.18,0.1214
217.64,0.1248
218.65,0.1243
218.46,0.1227
219.09,0.1228
217.96,0.1285
218.37,0.1259
218.86,0.1237
218.54,0.1199
218.53,0.1231
218.97,0.0909
217.85,0.1113
217.7,0.0995
217.29,0.0987
218.36,0.0942
218,0.1008
217.38,0.0976
217.39,0.1088
218.37,0.0927
219.03,0.1007
219.01,0.0901
218.51,0.1067
213.28,0.1343
216.34,0.1127
213.23,0.1304
213.15,0.1442
215.28,0.1422
213.37,0.1272
213.41,0.1447
213.42,0.1503
215.82,0.135
217.18,0.1269
215.99,0.128
214.24,0.1456
215.57,0.136
216.64,0.1319
214.68,0.1384
216.3,0.1381
215.78,0.1411
214.68,0.1415
215.63,0.1392
215.78,0.1362
215.04,0.1408
216.16,0.135
213.43,0.1467
213.71,0.1555
213.01,0.1601
213.12,0.1587
212.38,0.1573
213.71,0.1543
214.28,0.1471
213.88,0.1393
213.98,0.1397
214.89,0.1308
214.17,0.1306
213.74,0.1352
213.17,0.1458
212.54,0.1389
212.55,0.143
211.01,0.1566
209.74,0.1605
208.78,0.1671
208.55,0.1728
213.15,0.1401
214.11,0.1424
216.38,0.1211
216.92,0.1252
216.42,0.1247
216.59,0.1275
218.28,0.1166
217.87,0.1213
218.99,0.117
218.5,0.116
220.15,0.1153
220.58,0.1103
220.7,0.1123
221.52,0.1079
220.48,0.1133
220.91,0.1141
220.38,0.115
219.57,0.1206
219.68,0.1214
221,0.112
221.7,0.1193
224.6,0.1161
225.15,0.1137
226.51,0.1106
226.25,0.119
227.76,0.1175
225.88,0.1133
226.81,0.1122
225.04,0.1094
225.53,0.1074
226.4,0.1086
225.77,0.108
225.38,0.1074
225.71,0.1082
226.27,0.114
224.4,0.1177
224.35,0.12
223.53,0.1268
225.24,0.1148
226.58,0.11
226.4,0.1077
227.21,0.1077
226.46,0.1083
226.46,0.1087
227.1,0.1071
226.53,0.1091
227.05,0.1019
226.25,0.1055
226.75,0.1052
225.91,0.1038
226.74,0.1013
226.15,0.1022
227.6,0.0992
229.57,0.0986
229.33,0.0953
228.97,0.0956
227.55,0.1022
227.53,0.1033
227.62,0.1024
227.77,0.1049
229.34,0.0994
228.93,0.1019
228.94,0.1011
229.24,0.1025
230.6,0.0992
231.51,0.0968
232.77,0.0929
233.7,0.0862
234.92,0.0975
234.72,0.0991
235.09,0.0991
236.49,0.1022
236.28,0.1048
236.44,0.1039
236.74,0.1051
237.11,0.1085
236.47,0.114
239.78,0.1117
238.27,0.1099
238.42,0.1051
237.71,0.1074
237,0.1057
236.56,0.1127
236.86,0.1156
237.69,0.1079
237.81,0.1081
236.9,0.1132
238.95,0.1067
238.48,0.11
237.03,0.1004
236.77,0.1019
233.73,0.1089
234.28,0.1147
234.03,0.1186
233.86,0.1095
233.62,0.1115
235.32,0.1092
235.54,0.1043
236.29,0.1037
235.74,0.1069
235.33,0.1082
235.48,0.106
234.78,0.1166
235.44,0.1116
235.2,0.1143
235.34,0.1228
235.06,0.1263
234.03,0.1303
232.51,0.1321
234.57,0.1265
233.87,0.1271
233.44,0.1294
235.34,0.1201
234.59,0.1216
237.17,0.0969
238.55,0.0946
238.4,0.0943
238.6,0.0935
238.08,0.0985
238.68,0.0885
238.77,0.0874
238.48,0.0996
238.76,0.0873
239.7,0.0877
239.66,0.0826
239.44,0.0843
239.87,0.0903
239.38,0.0868
238.98,0.0877
240.3,0.0912
240.08,0.0799
235.82,0.1121
236.77,0.1029
238.31,0.0914
239.52,0.0962
240.05,0.0833
240.61,0.0905
241.76,0.0803
241.71,0.081
241.5,0.0852
241.44,0.0882
243.36,0.0809
244.17,0.0716
243.99,0.0809
243.21,0.0884
243.66,0.0863
243.78,0.0882
243.41,0.08
243.36,0.0826
244.55,0.0821
244.24,0.0779
243.77,0.0898
242.64,0.0891
244.66,0.0859
243.01,0.0922
242.95,0.0925
242.84,0.0922
243.13,0.0898
243.29,0.0896
241.33,0.0938
243.49,0.0908
241.35,0.1019
241.8,0.0991
242.21,0.1032
242.77,0.0997
240.55,0.1117
242.11,0.1019
242.37,0.1015
242.19,0.1032
244.01,0.0983
244.42,0.0964
245.56,0.0932
245.53,0.0958
245.66,0.0931
246.99,0.0906
247.1,0.091
246.88,0.089
246.82,0.0855
247.42,0.0841
247.43,0.0826
247.2,0.084
246.91,0.0918
246.77,0.0819
247.32,0.0793
247.44,0.0895
246.96,0.0826
247.41,0.0805
247.87,0.08
247.26,0.0863
247.25,0.0941
243.76,0.1088
244.12,0.1118
246.54,0.0982
246.51,0.09
246.94,0.0858
243.09,0.106
242.71,0.1065
242.9,0.1135
245.44,0.0883
244.56,0.104
243.99,0.0963
244.56,0.0908
244.57,0.1012
244.85,0.0966
246.01,0.1036
247.49,0.0942
247.84,0.0946
246.06,0.1049
246.9,0.0936
246.87,0.1
246.58,0.1016
249.21,0.0866
250.05,0.0852
250.17,0.0797
250.09,0.0871
249.19,0.0876
249.72,0.0871
249.97,0.0867
250.06,0.0864
249.39,0.0881
249.44,0.0883
248.93,0.0942
249.08,0.0935
250.05,0.0936
250.35,0.0909
251.23,0.0889
252.32,0.0894
252.86,0.0899
253.16,0.0903
254.66,0.0883
254.37,0.0879
253.95,0.094
254.62,0.0916
255.02,0.0906
254.64,0.0926
254.95,0.0902
255.29,0.0914
255.47,0.0902
255.72,0.09
255.79,0.0906
257.11,0.0874
256.11,0.0939
256.56,0.0932
255.29,0.1005
255.62,0.0983
257.71,0.088
256.75,0.0913
257.15,0.0882
257.49,0.0901
257.59,0.0907
258.45,0.0881
258.85,0.0887
258.67,0.0927
259.11,0.0899
258.17,0.098
258.09,0.0982
258.33,0.099
257.73,0.1005
256.44,0.1082
258.62,0.0979
257.86,0.096
258.3,0.0923
259.99,0.085
259.76,0.084
260.36,0.0837
260.23,0.0861
262.87,0.0859
262.71,0.0894
265.01,0.0925
264.46,0.097
264.14,0.0949
263.19,0.1011
263.24,0.0952
264.07,0.0915
265.51,0.0868
266.31,0.0856
266.78,0.0842
266.75,0.0935
265.66,0.094
266.51,0.0742
268.2,0.0796
267.17,0.0834
267.03,0.0822
267.58,0.0809
267.51,0.0871
267.19,0.0867
267.32,0.0872
267.87,0.0896
266.86,0.0922
268.77,0.0907
270.47,0.0874
271.61,0.0898
273.42,0.0892
273.92,0.0903
274.54,0.0938
274.12,0.0933
276.12,0.0936
277.92,0.095
276.97,0.1061
279.61,0.1042
279.14,0.1125
280.41,0.1049
282.69,0.103
283.29,0.1083
283.18,0.112
283.3,0.1119
286.58,0.1125
284.68,0.126
281.76,0.1295
281.9,0.1218
281.58,0.1245
275.45,0.1455
263.93,0.3009
269.13,0.1863
267.67,0.1866
257.63,0.2276
261.5,0.2144
265.34,0.1796
266,0.1746
269.59,0.1558
273.03,0.1521
273.11,0.1532
271.4,0.1589
270.05,0.1617
270.4,0.1559
274.71,0.136
277.9,0.1288
274.43,0.1453
271.65,0.1531
267.7,0.1718
269.08,0.1657
272.19,0.1547
272.88,0.1531
272.78,0.1521
274.1,0.1472
278.87,0.1324
278.52,0.1368
276.72,0.1451
275.3,0.1488
275,0.1446
274.2,0.1285
270.49,0.1479
270.95,0.1458
270.43,0.1427
263.67,0.1731
258.05,0.1832
265.11,0.1706
260.6,0.1899
259.83,0.1957
263.15,0.1768
257.47,0.2039
260.77,0.1868
263.56,0.1719
265.64,0.1692
259.72,0.1842
261,0.1856
265.15,0.1821
263.76,0.1802
265.93,0.1673
265.15,0.16
267.33,0.1498
270.19,0.1376
270.39,0.1377
268.89,0.1465
266.61,0.153
266.57,0.1516
262.98,0.1659
263.63,0.1653
266.31,0.1537
266.56,0.1498
264.51,0.1541
264.98,0.1526
263.2,0.1495
262.62,0.1555
266.02,0.1458
266.92,0.1463
266.92,0.1451
269.5,0.1372
272.02,0.1303
272.85,0.1261
272.98,0.1214
271.1,0.1314
272.24,0.1237
272.01,0.1236
271.33,0.1249
273.37,0.1203
272.61,0.1204
273.36,0.1183
272.8,0.1169
272.15,0.1201
269.02,0.1416
272.61,0.1282
270.94,0.1324
273.6,0.1227
274.9,0.1188
275.1,0.1191
277.4,0.1134
277.37,0.1153
278.19,0.1145
278.56,0.1142
278.92,0.1139
278.03,0.115
278.73,0.1129
277.13,0.1022
276.56,0.1049
275.5,0.1111
275.97,0.1064
274.24,0.1194
274.74,0.112
271,0.1374
271.6,0.1309
269.35,0.1417
270.89,0.137
271.28,0.1306
271.86,0.1336
270.9,0.132
273.11,0.1268
275.42,0.1176
277.9,0.1115
278.9,0.1101
276.86,0.1189
279.37,0.1128
279.59,0.1089
279.34,0.1101
280.47,0.1055
281.06,0.1046
280,0.1108
279.68,0.1125
280.2,0.1133
281.61,0.1116
284.01,0.1073
283.34,0.1099
281.42,0.1158
279.95,0.1213
281.33,0.1143
280.86,0.1178
282.39,0.1114
283.6,0.108
284.64,0.1066
285.58,0.1049
285.46,0.1041
285.07,0.1065
283.16,0.116
282.1,0.121
283.9,0.1149
281.78,0.1246
284.06,0.1174
285.06,0.1133
285.67,0.113
286.34,0.1123
286.17,0.1146
285.79,0.1156
287.51,0.1134
289.78,0.112
289.92,0.1132
291.48,0.1114
290.3,0.119
290.31,0.1173
289.81,0.1205
289.03,0.1228
288.16,0.1259
287.6,0.1278
288.1,0.1253
289.05,0.1207
289.12,0.117
290.83,0.1143
290.88,0.11
289.34,0.118
290.91,0.1155
291.22,0.111
293.58,0.1103
291.99,0.1013
291.02,0.1068
290.75,0.1081
289.88,0.1061
290.69,0.1085
290.72,0.109
291.73,0.1097
291.56,0.11
291.72,0.1118
289.44,0.1219
287.82,0.1312
287.82,0.1306
287.4,0.128
278.3,0.1614
272.17,0.1865
275.95,0.1734
274.4,0.171
280.4,0.1535
280.45,0.1542
276.4,0.1748
276.25,0.1705
275.01,0.1727
273.61,0.1753
265.32,0.2012
270.08,0.1901
265.33,0.2103
263.86,0.2151
267.77,0.1985
270.63,0.1814
273.51,0.1738
271.89,0.1796
273.39,0.178
275.12,0.1732
281.01,0.149
280.5,0.1482
277.76,0.1532
272.57,0.1747
272.06,0.1762
270.2,0.1952
273.02,0.1803
273.73,0.1648
269.1,0.1821
264.12,0.194
265.02,0.1846
263.25,0.2009
267.5,0.1867
268.4,0.1715
274.58,0.1773
273.98,0.1695
275.65,0.1622
279.3,0.1501
270.25,0.181
269.84,0.203
263.57,0.2059
264.07,0.2
264.13,0.1984
265.46,0.1925
265.37,0.2071
260.47,0.1972
255.36,0.2122
255.08,0.2453
251.26,0.2323
247.17,0.225
240.7,0.2472
234.34,0.2877
246.18,0.2496
248.07,0.2478
247.75,0.242
249.92,0.2235
250.18,0.2118
244.21,0.2341
252.39,0.2054
254.38,0.2049
256.77,0.1982
257.97,0.1961
258.88,0.1903
258.98,0.1809
257.4,0.1815
260.35,0.1755
260.98,0.1732
262.96,0.1662
266.46,0.1635
262.86,0.1833
263.41,0.1784
263.55,0.1835
265.78,0.1618
263.76,0.1701
263.41,0.1723
267.58,0.1609
269.93,0.1477
270.06,0.1456
271.96,0.1401
273.1,0.1401
272.74,0.1382
270.14,0.1481
270.47,0.1422
270.62,0.1445
274.1,0.1377
274.99,0.1386
274.38,0.1407
277.37,0.1342
277.85,0.1321
278.41,0.1274
277.42,0.127
279.14,0.1198
279.52,0.1254
279.32,0.1268
279.2,0.1261
278.68,0.1263
280.42,0.1162
279.4,0.1233
279.02,0.1258
277.33,0.1327
275.01,0.1407
274.46,0.1416
278.44,0.1256
279.49,0.121
281.34,0.1174
281.16,0.1163
281.31,0.1149
282.33,0.1182
282.4,0.1265
281.55,0.1298
284.73,0.1236
279.25,0.1431
279.04,0.1464
281.12,0.14
279.65,0.1427
280.71,0.1363
282.48,0.13
285.83,0.1262
285.97,0.1296
286.42,0.1246
287.18,0.1265
288.57,0.1195
288.79,0.1212
287.31,0.1298
288.29,0.1219
288.21,0.1229
290.16,0.1142
289.97,0.1162
290.16,0.1152
289.45,0.1225
290.02,0.1166
290.27,0.1175
292.88,0.114
292.23,0.1195
292.05,0.1208
293.41,0.1155
293.87,0.1172
294.02,0.1151
291.81,0.1273
291.18,0.1275
294.03,0.1172
292.82,0.1321
287.93,0.1619
287.53,0.1618
286.66,0.1625
288.1,0.1431
280.86,0.1885
283.4,0.1602
285.06,0.1501
287.7,0.1416
285.84,0.144
283.95,0.1496
286.51,0.143
285.63,0.1422
282.14,0.1697
282.78,0.1482
280.15,0.1627
278.27,0.177
279.03,0.1596
275.27,0.1705
274.57,0.1707
280.53,0.1548
282.96,0.161
284.8,0.1566
287.65,0.1462
288.97,0.1419
288.9,0.1441
288.39,0.1504
289.58,0.143
289.26,0.1411
289.37,0.1423
292.4,0.1397
293.06,0.1347
295.86,0.1338
294,0.1442
293.64,0.1389
290.76,0.1482
290.47,0.1482
291.5,0.1415
293,0.1286
295.66,0.1298
296.43,0.1178
298.8,0.1167
298.46,0.1252
296.82,0.1289
297.19,0.1302
298.61,0.1239
299.31,0.122
300.65,0.1202
300.75,0.1212
299.71,0.1232
297.74,0.133
298.83,0.1286
297.17,0.1374
297.9,0.129
300.03,0.1253
301.44,0.1227
300,0.1291
302.01,0.1249
301.46,0.1243
300.72,0.1333
297.43,0.1474
294.84,0.1651
292.62,0.1644
283.82,0.2289
287.8,0.1925
287.97,0.1891
293.62,0.162
291.62,0.1726
288.07,0.2001
292.55,0.1678
283.9,0.2112
284.65,0.2061
288.85,0.1835
292.33,0.1588
290.09,0.1792
292.45,0.152
292.36,0.1673
284.85,0.1848
288,0.1805
286.87,0.1895
288.89,0.178
292.58,0.1633
292.45,0.1769
290.74,0.1791
294.04,0.1578
297.82,0.1631
298.05,0.1389
298.2,0.1437
298.13,0.139
300.25,0.1335
301.29,0.1309
301.09,0.1285
300.16,0.138
300.92,0.1383
301.1,0.1324
301.08,0.133
298.28,0.1504
298.21,0.1416
295.87,0.1572
297.62,0.1523
297,0.1535
295.4,0.1625
296.77,0.1488
293.24,0.1763
288.06,0.2018
290.42,0.183
294.35,0.1648
293.08,0.171
288.53,0.1909
291.27,0.1785
293.24,0.1684
296.28,0.1536
295.95,0.1503
298.88,0.1391
298.4,0.1415
299.28,0.1432
297.97,0.1447
299.99,0.1406
299.01,0.1443
299.88,0.137
300.37,0.1393
